epoch,train_loss,train_ce,train_weight_pen,train_volume_pen,val_loss,val_weight_pen,val_volume_pen,train_acc,val_acc,priority_acc,lr
1,1.302838,1.242061,3.922532,20.388467,1.20904,3.5529,20.062428,0.5785,0.6028,0.2339,3e-05
2,1.212612,1.157106,3.491514,18.710558,1.19696,3.319518,19.048982,0.6123,0.6098,0.2564,3e-05
3,1.19378,1.138944,3.452196,18.481885,1.175771,3.183526,18.238055,0.6188,0.616,0.2831,2.999e-05
4,1.169998,1.116213,3.425829,18.088261,1.123746,3.358195,17.992227,0.6236,0.6307,0.3593,2.999e-05
5,1.136665,1.08406,3.496529,17.545423,1.074121,3.791305,18.472114,0.6279,0.6422,0.4129,2.998e-05
6,1.095061,1.044739,3.469852,16.658874,1.022111,3.479226,16.402325,0.6364,0.6442,0.4212,2.997e-05
7,1.062104,1.01287,3.440495,16.253092,0.98962,3.586337,16.30195,0.6397,0.6489,0.4315,2.996e-05
8,1.033043,0.984356,3.444062,16.030696,0.968997,3.587482,16.339929,0.6429,0.6539,0.4514,2.995e-05
9,1.018214,0.969624,3.455915,15.980231,0.952849,3.665482,16.625716,0.6461,0.6579,0.4627,2.994e-05
10,1.003287,0.954929,3.435934,15.90705,0.946947,3.860443,17.275768,0.6481,0.6617,0.471,2.992e-05
11,0.992549,0.94429,3.435193,15.868386,0.933554,3.500783,16.363751,0.6507,0.6615,0.479,2.991e-05
12,0.98234,0.934044,3.430052,15.88826,0.922021,3.562832,16.413699,0.6517,0.6682,0.5005,2.989e-05
13,0.973973,0.925978,3.409084,15.788847,0.933341,4.081942,18.053739,0.6548,0.6727,0.5045,2.987e-05
14,0.969099,0.92071,3.440646,15.915057,0.912114,3.673136,17.048277,0.657,0.6705,0.4991,2.985e-05
15,0.960484,0.912097,3.427442,15.927259,0.91105,3.974238,17.706444,0.6598,0.6822,0.5437,2.982e-05
16,0.950678,0.902287,3.441402,15.914735,0.89046,3.589478,16.623562,0.6612,0.6832,0.5517,2.98e-05
17,0.948038,0.899521,3.425083,15.981523,0.886,3.665036,16.760423,0.6638,0.6857,0.5602,2.977e-05
18,0.942953,0.894719,3.4146,15.878827,0.886747,3.854697,17.473423,0.6656,0.6905,0.5765,2.975e-05
19,0.938855,0.890297,3.442891,15.98047,0.879944,3.796914,17.33334,0.6666,0.6895,0.5788,2.972e-05
20,0.934235,0.885555,3.435589,16.036232,0.871112,3.635902,16.700402,0.6675,0.6902,0.584,2.969e-05
21,0.931609,0.882985,3.441975,16.007812,0.872047,3.423149,16.179469,0.6687,0.6848,0.5678,2.966e-05
22,0.930424,0.881926,3.422941,15.976271,0.869016,3.766028,17.332831,0.6698,0.6934,0.5937,2.962e-05
23,0.924076,0.875682,3.412991,15.944618,0.862757,3.655511,16.949403,0.6713,0.6931,0.5989,2.959e-05
24,0.920746,0.872323,3.41996,15.949288,0.861848,3.66873,17.137129,0.6732,0.6946,0.6017,2.955e-05
25,0.921883,0.873235,3.431484,16.027957,0.863108,3.746424,17.349709,0.6733,0.6944,0.5994,2.951e-05
26,0.915351,0.866743,3.428481,16.014826,0.858066,3.519474,16.644118,0.6743,0.692,0.6006,2.948e-05
27,0.913292,0.865044,3.39598,15.903171,0.859064,3.743889,17.328724,0.6753,0.6948,0.5958,2.943e-05
28,0.910711,0.862181,3.431455,15.980817,0.859466,3.708764,17.488141,0.6766,0.6934,0.5987,2.939e-05
29,0.90966,0.861047,3.428239,16.016827,0.867926,3.570887,17.038436,0.6766,0.6834,0.5524,2.935e-05
30,0.906677,0.858153,3.414591,15.994958,0.861374,3.419315,16.342501,0.678,0.6862,0.5694,2.93e-05
31,0.905411,0.857067,3.416755,15.921097,0.850086,3.667261,17.14991,0.6781,0.6977,0.6133,2.926e-05
32,0.903499,0.854984,3.419404,15.986654,0.850855,3.624912,17.023935,0.6785,0.6964,0.6086,2.921e-05
33,0.902156,0.853953,3.405935,15.875201,0.854613,3.570822,17.037731,0.6792,0.6913,0.5925,2.916e-05
34,0.901814,0.853451,3.405916,15.939249,0.853819,3.591719,17.090979,0.6789,0.6926,0.5968,2.911e-05
35,0.89912,0.850589,3.429726,15.982652,0.848323,3.559778,16.989919,0.6802,0.6962,0.6178,2.905e-05
36,0.896672,0.848269,3.414625,15.946622,0.84771,3.502825,16.624792,0.6813,0.6933,0.6036,2.9e-05
37,0.893413,0.845157,3.406878,15.895478,0.844187,3.68354,17.117856,0.6829,0.7004,0.6256,2.894e-05
38,0.895146,0.846598,3.427573,15.991537,0.846978,3.717302,17.310203,0.6814,0.6988,0.618,2.889e-05
39,0.893878,0.845518,3.411772,15.932259,0.848395,3.354774,16.247935,0.6813,0.6908,0.6088,2.883e-05
40,0.891307,0.843065,3.408368,15.888437,0.8456,3.638172,17.287483,0.6833,0.6987,0.6251,2.877e-05
41,0.892329,0.843756,3.42301,16.006161,0.855161,3.393374,16.322215,0.683,0.6876,0.5763,2.871e-05
42,0.891142,0.842916,3.408071,15.882369,0.84008,3.703467,17.235832,0.6825,0.7038,0.636,2.864e-05
43,0.888755,0.840494,3.410616,15.893583,0.850929,3.446756,16.569178,0.6841,0.6884,0.5838,2.858e-05
44,0.886147,0.83802,3.398519,15.852539,0.841169,3.763125,17.605312,0.6852,0.7007,0.628,2.851e-05
45,0.886475,0.83809,3.41544,15.938901,0.839887,3.643174,17.168521,0.6856,0.6998,0.6308,2.845e-05
46,0.885835,0.837743,3.393643,15.843315,0.85025,3.484231,16.622674,0.6841,0.6899,0.5798,2.838e-05
47,0.885415,0.837269,3.400023,15.858231,0.852417,3.486887,16.729945,0.6847,0.6878,0.576,2.831e-05
48,0.884293,0.8362,3.395253,15.841853,0.851689,3.511126,16.699348,0.6863,0.6886,0.5763,2.824e-05
49,0.88293,0.834767,3.403416,15.86173,0.847956,3.645075,17.323946,0.6862,0.6914,0.5852,2.816e-05
50,0.880271,0.831979,3.420136,15.896465,0.837711,3.654746,17.133501,0.6869,0.7009,0.6246,2.809e-05
51,0.878289,0.830019,3.413393,15.894431,0.84067,3.552335,16.92555,0.6883,0.6965,0.6119,2.802e-05
52,0.879486,0.831249,3.419309,15.875655,0.839403,3.607486,17.087002,0.6867,0.697,0.6178,2.794e-05
53,0.878761,0.830683,3.404476,15.826419,0.847248,3.54151,16.969922,0.688,0.6907,0.5862,2.786e-05
54,0.876581,0.828289,3.421608,15.895126,0.838182,3.672522,17.331429,0.6881,0.7001,0.627,2.778e-05
55,0.876838,0.828872,3.391233,15.795042,0.841062,3.904045,18.121534,0.6888,0.7034,0.6386,2.77e-05
56,0.875131,0.826893,3.413473,15.881806,0.841486,3.541664,16.84329,0.6892,0.6936,0.6029,2.762e-05
57,0.875957,0.828043,3.398677,15.766962,0.839179,3.592076,17.052914,0.69,0.6958,0.6065,2.754e-05
58,0.874597,0.826525,3.407725,15.820806,0.841012,3.643925,17.247572,0.6892,0.6953,0.6053,2.745e-05
59,0.871024,0.823046,3.399525,15.791427,0.841956,3.774957,17.755387,0.691,0.6968,0.6105,2.737e-05
60,0.871247,0.823146,3.411795,15.828684,0.83686,3.619134,17.145237,0.6904,0.6982,0.6126,2.728e-05
61,0.870525,0.822624,3.399194,15.761063,0.846634,3.664505,17.42969,0.6911,0.6939,0.5904,2.719e-05
62,0.868992,0.82121,3.384662,15.728149,0.844177,3.584871,16.913461,0.6914,0.6941,0.5923,2.71e-05
63,0.867223,0.819138,3.414956,15.819203,0.831385,3.635049,17.063456,0.6919,0.7032,0.6416,2.701e-05
64,0.868327,0.820446,3.401974,15.750493,0.83371,3.633225,17.190843,0.6918,0.7009,0.6246,2.692e-05
65,0.86729,0.819188,3.414519,15.826368,0.840343,3.439844,16.558917,0.6929,0.6952,0.6015,2.682e-05
66,0.865903,0.817926,3.412677,15.778174,0.847385,3.447132,16.619384,0.6934,0.6898,0.5829,2.673e-05
67,0.864884,0.817009,3.397294,15.752577,0.83047,3.580348,16.90455,0.6942,0.7021,0.6398,2.663e-05
68,0.864502,0.816691,3.398047,15.726275,0.844374,3.550308,16.849502,0.6947,0.6942,0.5911,2.654e-05
69,0.864193,0.816318,3.408587,15.741418,0.825594,3.622717,17.079652,0.6938,0.7063,0.6556,2.644e-05
70,0.863852,0.81594,3.405516,15.759196,0.852825,3.600203,17.177376,0.6937,0.6919,0.5881,2.634e-05
71,0.864087,0.816051,3.422003,15.792723,0.831363,3.643825,17.20679,0.695,0.7033,0.6445,2.624e-05
72,0.860796,0.813213,3.377233,15.65579,0.83267,3.637782,17.259501,0.695,0.7009,0.6317,2.614e-05
73,0.86014,0.812171,3.421128,15.766678,0.837093,3.582965,17.032413,0.6955,0.698,0.6204,2.604e-05
74,0.860645,0.812929,3.399278,15.687037,0.828035,3.727974,17.485243,0.6954,0.7047,0.6525,2.593e-05
75,0.861216,0.813513,3.387421,15.694088,0.831016,3.571232,16.92518,0.6953,0.6996,0.6228,2.583e-05
76,0.858822,0.81082,3.429268,15.771537,0.83877,3.824052,17.832181,0.6964,0.7006,0.6256,2.572e-05
77,0.859547,0.811637,3.410359,15.753635,0.82739,3.594638,16.948136,0.6965,0.7024,0.6324,2.561e-05
78,0.860302,0.812548,3.402999,15.698328,0.831291,3.543067,16.86756,0.6952,0.7,0.6265,2.55e-05
79,0.856971,0.809288,3.399916,15.673212,0.833543,3.645327,17.119598,0.6974,0.7001,0.6199,2.54e-05
80,0.85592,0.808099,3.418696,15.709785,0.831284,3.51919,16.590035,0.6985,0.699,0.6324,2.529e-05
81,0.857825,0.810181,3.408436,15.649174,0.824253,3.489223,16.525627,0.6968,0.703,0.6395,2.517e-05
82,0.855246,0.807603,3.398512,15.658526,0.828857,3.442352,16.472243,0.6982,0.7005,0.6386,2.506e-05
83,0.854087,0.806553,3.388953,15.624783,0.821998,3.669684,17.214802,0.6979,0.7082,0.6586,2.495e-05
84,0.854826,0.807159,3.398505,15.668205,0.821601,3.633609,16.950639,0.6983,0.7082,0.6608,2.483e-05
85,0.850887,0.803578,3.391856,15.531712,0.820348,3.570439,16.774868,0.6994,0.7076,0.6575,2.472e-05
86,0.851415,0.803773,3.402333,15.654757,0.829559,3.479482,16.649502,0.6992,0.7004,0.6435,2.46e-05
87,0.852462,0.805087,3.393826,15.556297,0.817022,3.620089,16.860755,0.6986,0.7093,0.6657,2.448e-05
88,0.850908,0.803345,3.403067,15.622075,0.825952,3.64875,17.096037,0.6999,0.7063,0.6438,2.437e-05
89,0.849726,0.802248,3.410071,15.581088,0.818708,3.66476,17.139977,0.7001,0.7089,0.665,2.425e-05
90,0.847905,0.800601,3.386357,15.535236,0.821832,3.853336,17.706945,0.7,0.7114,0.674,2.413e-05
91,0.849879,0.80245,3.399456,15.572008,0.81954,3.638248,17.092098,0.7001,0.7075,0.6636,2.4e-05
92,0.847881,0.800613,3.388887,15.518104,0.823199,3.808997,17.605341,0.701,0.71,0.6619,2.388e-05
93,0.846561,0.798946,3.417508,15.628723,0.815571,3.635578,16.917743,0.7012,0.712,0.6745,2.376e-05
94,0.846445,0.799069,3.397949,15.552384,0.821113,3.608948,16.865002,0.7008,0.7072,0.6596,2.364e-05
95,0.845681,0.798342,3.390365,15.545264,0.82389,3.629656,16.970373,0.7022,0.7073,0.6527,2.351e-05
96,0.845524,0.798103,3.410224,15.557817,0.817253,3.699388,17.221921,0.7019,0.7115,0.6726,2.339e-05
97,0.845052,0.797654,3.408445,15.550452,0.811452,3.635553,16.737851,0.7029,0.7133,0.6719,2.326e-05
98,0.843762,0.796351,3.416078,15.548343,0.820536,3.541072,16.593388,0.7036,0.708,0.6575,2.313e-05
99,0.844597,0.797314,3.399569,15.513539,0.82361,3.74037,17.401666,0.7028,0.709,0.6683,2.3e-05
100,0.844483,0.797167,3.405901,15.520197,0.821329,3.649367,17.007163,0.7032,0.7089,0.6704,2.287e-05
101,0.84135,0.793958,3.409123,15.547493,0.813168,3.620553,16.808571,0.704,0.7135,0.682,2.275e-05
102,0.840152,0.793165,3.390782,15.404169,0.815387,3.730862,17.240218,0.7045,0.7124,0.67,2.261e-05
103,0.840139,0.792754,3.414436,15.539572,0.814035,3.634904,16.824111,0.7042,0.7119,0.6778,2.248e-05
104,0.841825,0.794251,3.433244,15.596339,0.820292,3.576724,16.792768,0.7037,0.709,0.6688,2.235e-05
105,0.839592,0.792376,3.395172,15.491391,0.819351,3.744353,17.135622,0.7045,0.7126,0.6712,2.222e-05
106,0.840644,0.793344,3.422314,15.497517,0.815366,3.790302,17.446778,0.7053,0.7164,0.6806,2.209e-05
107,0.837571,0.79031,3.41253,15.491988,0.811063,3.71571,17.058688,0.7054,0.716,0.686,2.195e-05
108,0.835936,0.78885,3.408167,15.42632,0.816805,3.675858,17.107216,0.7066,0.7119,0.6818,2.182e-05
109,0.838531,0.791528,3.398105,15.403083,0.819459,3.886106,17.627294,0.7053,0.7143,0.682,2.168e-05
110,0.837065,0.789888,3.417814,15.453364,0.82319,3.707637,17.294271,0.7057,0.7096,0.6669,2.155e-05
111,0.838379,0.791236,3.409316,15.447825,0.80702,3.62815,16.678001,0.7058,0.7141,0.6841,2.141e-05
112,0.837916,0.790651,3.422186,15.483825,0.810151,3.728441,17.125474,0.7052,0.7175,0.6889,2.127e-05
113,0.837591,0.790392,3.422549,15.456911,0.810595,3.746429,17.084609,0.7065,0.7158,0.6827,2.113e-05
114,0.834722,0.787679,3.411342,15.40589,0.811386,3.745544,17.206739,0.7075,0.7181,0.6917,2.1e-05
115,0.833973,0.786981,3.412867,15.383783,0.80937,3.601741,16.76693,0.7065,0.714,0.6889,2.086e-05
116,0.832707,0.78579,3.403082,15.363714,0.8072,3.696852,16.916199,0.7075,0.718,0.6933,2.072e-05
117,0.832473,0.785589,3.413042,15.340323,0.806624,3.616641,16.638359,0.7084,0.7159,0.6884,2.058e-05
118,0.829837,0.783222,3.391364,15.254593,0.816733,3.820166,17.419035,0.7088,0.7167,0.687,2.044e-05
119,0.830921,0.784017,3.40832,15.353048,0.811289,3.711109,17.079667,0.7078,0.7174,0.6926,2.03e-05
120,0.831567,0.784712,3.407059,15.33468,0.806485,3.693675,16.902928,0.7091,0.7189,0.6933,2.015e-05
121,0.832067,0.785247,3.397351,15.330783,0.809964,3.721448,17.098478,0.7079,0.7158,0.6884,2.001e-05
122,0.831105,0.784177,3.418674,15.352637,0.810395,3.590383,16.681355,0.7084,0.7153,0.6931,1.987e-05
123,0.830383,0.783531,3.407738,15.332851,0.810997,3.611154,16.753487,0.7097,0.7152,0.6716,1.973e-05
124,0.828028,0.78118,3.417436,15.321849,0.805453,3.652722,16.773062,0.7107,0.7181,0.6912,1.958e-05
125,0.829057,0.782297,3.415687,15.288188,0.805562,3.62916,16.697704,0.7106,0.7191,0.6985,1.944e-05
126,0.827425,0.780647,3.411345,15.299648,0.806366,3.640096,16.668526,0.7098,0.7174,0.6969,1.929e-05
127,0.829093,0.782258,3.418614,15.315068,0.81273,3.672386,16.966802,0.7095,0.7184,0.6974,1.915e-05
128,0.825773,0.779262,3.392189,15.212123,0.80955,3.775301,17.141208,0.7117,0.72,0.7037,1.9e-05
129,0.828154,0.781451,3.419055,15.261934,0.80846,3.738701,17.110409,0.7104,0.7203,0.6995,1.886e-05
130,0.825114,0.778538,3.404485,15.225777,0.799445,3.658683,16.731014,0.7115,0.7206,0.7007,1.871e-05
131,0.826812,0.780242,3.406214,15.221911,0.802918,3.735122,16.949098,0.7112,0.7242,0.7054,1.857e-05
132,0.826137,0.779827,3.390844,15.133076,0.810703,3.725624,16.881021,0.7109,0.7175,0.6933,1.842e-05
133,0.825368,0.778836,3.402751,15.210006,0.802491,3.75899,17.047034,0.7112,0.724,0.7068,1.827e-05
134,0.824359,0.777605,3.423431,15.278194,0.802936,3.571163,16.25,0.7126,0.7204,0.7016,1.813e-05
135,0.823535,0.777152,3.407877,15.145371,0.808995,3.714905,16.968466,0.7115,0.7186,0.6959,1.798e-05
136,0.820408,0.774095,3.403356,15.121808,0.801035,3.73065,16.723329,0.7137,0.7218,0.6997,1.783e-05
137,0.822532,0.776083,3.418767,15.160982,0.801988,3.614965,16.453667,0.7129,0.7189,0.7,1.768e-05
138,0.819614,0.773132,3.416769,15.176211,0.801589,3.645558,16.470307,0.7132,0.7216,0.7073,1.754e-05
139,0.821422,0.775323,3.395597,15.044297,0.795185,3.621628,16.349266,0.7128,0.7235,0.7077,1.739e-05
140,0.819994,0.773626,3.411241,15.136053,0.798259,3.563845,16.251279,0.7136,0.7204,0.6919,1.724e-05
141,0.821707,0.775486,3.404169,15.084075,0.801126,3.740013,16.834104,0.7124,0.7251,0.7061,1.709e-05
142,0.819838,0.773358,3.431251,15.160717,0.798224,3.659957,16.599186,0.7138,0.7231,0.7023,1.694e-05
143,0.818856,0.772675,3.408592,15.063761,0.810017,3.732918,16.778785,0.7135,0.7201,0.695,1.679e-05
144,0.818018,0.771693,3.425164,15.104949,0.799799,3.581774,16.387317,0.7146,0.7209,0.6959,1.664e-05
145,0.81848,0.772374,3.404504,15.037987,0.799639,3.760034,16.944111,0.7137,0.7243,0.7073,1.65e-05
146,0.819958,0.773621,3.430539,15.104365,0.79765,3.747256,16.78131,0.7142,0.726,0.7096,1.635e-05
147,0.816323,0.770135,3.42275,15.052495,0.796421,3.687133,16.578176,0.7151,0.7261,0.7144,1.62e-05
148,0.81653,0.770403,3.410498,15.040252,0.800737,3.708768,16.665057,0.7156,0.7236,0.704,1.605e-05
149,0.817731,0.771881,3.398286,14.941843,0.811022,3.807781,16.993516,0.7153,0.7238,0.7028,1.59e-05
150,0.815028,0.769131,3.396666,14.962304,0.801003,3.831843,17.028116,0.7153,0.7286,0.7089,1.575e-05
151,0.813625,0.767737,3.397372,14.957725,0.794276,3.710002,16.621431,0.7167,0.7269,0.7115,1.56e-05
152,0.813019,0.767102,3.418305,14.94858,0.789886,3.641896,16.373516,0.7168,0.7264,0.707,1.545e-05
153,0.815249,0.769324,3.410156,14.959849,0.794107,3.724206,16.567851,0.7165,0.7262,0.711,1.53e-05
154,0.815335,0.769365,3.408183,14.980151,0.79216,3.706505,16.420508,0.7168,0.7274,0.7136,1.515e-05
155,0.809666,0.76378,3.42943,14.924918,0.799049,3.736464,16.714516,0.7184,0.7254,0.7092,1.5e-05
156,0.812742,0.766534,3.425291,15.057926,0.787977,3.623188,16.19545,0.7168,0.7278,0.7155,1.486e-05
157,0.812365,0.766549,3.412635,14.913709,0.792871,3.724771,16.576594,0.7166,0.7271,0.7146,1.471e-05
158,0.810112,0.764333,3.415721,14.896055,0.787336,3.611124,16.162094,0.7185,0.7264,0.7144,1.456e-05
159,0.80993,0.764062,3.415691,14.931626,0.796743,3.706435,16.596483,0.7182,0.7255,0.7077,1.441e-05
160,0.810583,0.764865,3.405674,14.881596,0.787744,3.743643,16.496405,0.7173,0.7292,0.7188,1.426e-05
161,0.80694,0.761213,3.417986,14.872926,0.79429,3.807111,16.798166,0.719,0.7313,0.7151,1.411e-05
162,0.809626,0.763857,3.426416,14.880965,0.792659,3.696641,16.518706,0.7191,0.7254,0.7122,1.396e-05
163,0.809484,0.763716,3.41844,14.888614,0.799659,3.729684,16.569876,0.7177,0.7242,0.6985,1.382e-05
164,0.810509,0.764949,3.408057,14.815731,0.788907,3.66199,16.281647,0.7182,0.7262,0.7134,1.367e-05
165,0.807689,0.762031,3.420398,14.842934,0.796677,3.842963,16.890478,0.7187,0.7289,0.7165,1.352e-05
166,0.808438,0.762531,3.442744,14.920038,0.802851,3.782962,16.730684,0.7188,0.7254,0.6929,1.337e-05
167,0.806843,0.761163,3.418251,14.853787,0.794608,3.809313,16.537826,0.719,0.7289,0.7068,1.323e-05
168,0.80643,0.760762,3.426699,14.840315,0.782445,3.74045,16.333566,0.7199,0.7318,0.721,1.308e-05
169,0.805008,0.759498,3.421457,14.782511,0.788591,3.718298,16.483189,0.7203,0.7276,0.7153,1.293e-05
170,0.807973,0.762332,3.420941,14.835695,0.796401,3.866226,16.841884,0.7196,0.7312,0.7195,1.279e-05
171,0.806183,0.760688,3.414911,14.783068,0.786364,3.82607,16.657274,0.7193,0.7308,0.7233,1.264e-05
172,0.803738,0.758241,3.419754,14.779036,0.789817,3.786298,16.531538,0.7203,0.7313,0.7219,1.25e-05
173,0.804717,0.759363,3.410518,14.73143,0.783369,3.727789,16.309008,0.7203,0.7302,0.7094,1.235e-05
174,0.806325,0.760779,3.426943,14.791264,0.779365,3.763201,16.397914,0.72,0.7335,0.7224,1.221e-05
175,0.803475,0.757978,3.431521,14.767067,0.79044,3.717094,16.267419,0.7209,0.727,0.7188,1.206e-05
176,0.803829,0.758447,3.417079,14.735702,0.788509,3.852183,16.702108,0.7209,0.7305,0.7165,1.192e-05
177,0.802914,0.75738,3.437478,14.776372,0.781964,3.724283,16.333715,0.7213,0.7312,0.7177,1.177e-05
178,0.803332,0.757916,3.419301,14.747032,0.786886,3.745459,16.371268,0.721,0.7312,0.7179,1.163e-05
179,0.802789,0.757519,3.413504,14.694335,0.777282,3.728466,16.196081,0.721,0.7319,0.7243,1.149e-05
180,0.802562,0.757069,3.440535,14.756627,0.782372,3.712849,16.204488,0.7215,0.7308,0.7236,1.135e-05
181,0.801234,0.756063,3.427081,14.641499,0.78677,3.844235,16.646224,0.7218,0.7322,0.7221,1.12e-05
182,0.801762,0.756369,3.438148,14.71933,0.794482,3.816449,16.572698,0.7223,0.7286,0.7155,1.106e-05
183,0.800119,0.754839,3.431467,14.680407,0.78559,3.685417,16.175512,0.7229,0.7293,0.7226,1.092e-05
184,0.796392,0.751428,3.400562,14.585344,0.780592,3.774294,16.368752,0.7227,0.7322,0.7238,1.078e-05
185,0.799431,0.754166,3.429391,14.676443,0.779413,3.732386,16.186555,0.7234,0.7323,0.7252,1.064e-05
186,0.799997,0.754743,3.424219,14.677386,0.781525,3.788063,16.365077,0.7216,0.7321,0.721,1.05e-05
187,0.796542,0.75139,3.420608,14.640327,0.780365,3.693097,16.006026,0.723,0.7314,0.7257,1.037e-05
188,0.796516,0.751513,3.420301,14.580689,0.77757,3.76259,16.216361,0.7236,0.7329,0.7221,1.023e-05
189,0.799557,0.754385,3.434013,14.634866,0.778521,3.784859,16.222601,0.7236,0.7333,0.7278,1.009e-05
190,0.796032,0.751001,3.418958,14.593464,0.77366,3.790517,16.31512,0.724,0.7342,0.7295,9.95e-06
191,0.797546,0.75248,3.424986,14.601259,0.773767,3.77002,16.284289,0.722,0.7354,0.7283,9.82e-06
192,0.796265,0.751267,3.410307,14.588677,0.772893,3.73927,16.080288,0.7239,0.7354,0.7271,9.68e-06
193,0.798504,0.753325,3.434869,14.636479,0.776176,3.752525,16.176312,0.7233,0.7328,0.7243,9.55e-06
194,0.797144,0.752113,3.426976,14.585279,0.773591,3.73139,16.096142,0.7238,0.7328,0.7254,9.41e-06
195,0.794723,0.749773,3.416209,14.563766,0.772021,3.711275,15.946576,0.7242,0.7332,0.7283,9.28e-06
196,0.79604,0.751124,3.417312,14.549132,0.772642,3.717098,16.044251,0.723,0.7341,0.7314,9.15e-06
197,0.79733,0.752319,3.420247,14.584202,0.773559,3.768083,16.14643,0.7238,0.7343,0.7254,9.02e-06
198,0.795788,0.750653,3.437012,14.616768,0.781295,3.788474,16.383066,0.724,0.7309,0.7205,8.89e-06
199,0.794911,0.749817,3.422611,14.614969,0.780008,3.831255,16.405687,0.7243,0.7327,0.725,8.75e-06
200,0.791478,0.746604,3.420242,14.529256,0.775579,3.752324,16.092863,0.7263,0.7329,0.7195,8.63e-06
201,0.795615,0.750603,3.429048,14.575771,0.771814,3.779215,16.088477,0.7243,0.7349,0.728,8.5e-06
202,0.79557,0.750684,3.426205,14.528478,0.773111,3.766061,16.159347,0.7239,0.7344,0.7236,8.37e-06
203,0.794927,0.74999,3.414903,14.560012,0.77247,3.77987,16.203246,0.7244,0.735,0.7292,8.24e-06
204,0.791591,0.746648,3.432723,14.544455,0.770012,3.709361,15.996003,0.725,0.7339,0.7278,8.11e-06
205,0.790557,0.745824,3.409623,14.483871,0.771703,3.783724,16.191896,0.7255,0.7362,0.7309,7.99e-06
206,0.793924,0.749022,3.42958,14.531018,0.769375,3.792574,16.172116,0.725,0.7354,0.7276,7.86e-06
207,0.79263,0.747674,3.425435,14.556899,0.767153,3.719044,15.98003,0.7256,0.7359,0.7285,7.74e-06
208,0.79222,0.74732,3.427274,14.532675,0.779162,3.819682,16.440968,0.7253,0.7334,0.7262,7.62e-06
209,0.792331,0.747419,3.421587,14.543108,0.76551,3.742915,15.898192,0.7248,0.7372,0.7342,7.5e-06
210,0.792393,0.747747,3.406754,14.451447,0.768327,3.781352,16.135571,0.7253,0.7363,0.7297,7.37e-06
211,0.788239,0.743399,3.43496,14.501211,0.772295,3.792496,16.15413,0.7266,0.7337,0.724,7.25e-06
212,0.792427,0.747858,3.402146,14.425425,0.76629,3.730291,15.910756,0.7252,0.7362,0.7321,7.13e-06
213,0.790302,0.745338,3.447309,14.538405,0.771834,3.784873,16.144086,0.7258,0.7352,0.7306,7.02e-06
214,0.787548,0.742888,3.41691,14.447191,0.764307,3.699406,15.781256,0.7273,0.7363,0.7325,6.9e-06
215,0.790128,0.745345,3.433827,14.479467,0.765742,3.758008,15.930099,0.7272,0.7364,0.7332,6.78e-06
216,0.78788,0.743064,3.434396,14.491866,0.775203,3.784195,16.064745,0.7276,0.7337,0.7212,6.67e-06
217,0.78939,0.744649,3.42393,14.472378,0.766514,3.721051,15.831088,0.727,0.7358,0.7295,6.55e-06
218,0.789711,0.744945,3.424599,14.481708,0.766626,3.75347,15.942362,0.7263,0.7351,0.729,6.44e-06
219,0.79017,0.745514,3.424024,14.438347,0.767653,3.790071,16.089926,0.7259,0.7362,0.7325,6.33e-06
220,0.786972,0.742377,3.408381,14.429559,0.770511,3.810988,16.167678,0.726,0.7361,0.7332,6.21e-06
221,0.790332,0.745567,3.417323,14.488539,0.767742,3.763179,15.991076,0.7262,0.7358,0.7302,6.1e-06
222,0.788644,0.744002,3.427039,14.429481,0.765739,3.732875,15.858851,0.7264,0.7357,0.7299,6e-06
223,0.787768,0.743042,3.425918,14.464379,0.761332,3.709766,15.666353,0.7265,0.7359,0.7299,5.89e-06
224,0.788674,0.744298,3.390985,14.359491,0.769368,3.835721,16.210992,0.7267,0.7374,0.7335,5.78e-06
225,0.785439,0.740798,3.43112,14.425495,0.765834,3.781968,15.977032,0.7271,0.736,0.7311,5.67e-06
226,0.786469,0.741793,3.431866,14.438805,0.76632,3.764263,15.900585,0.728,0.7368,0.728,5.57e-06
227,0.786661,0.74186,3.439783,14.480842,0.762665,3.732267,15.810976,0.7264,0.7384,0.7344,5.46e-06
228,0.786772,0.742362,3.405925,14.358065,0.766056,3.769798,15.963586,0.7277,0.7368,0.7347,5.36e-06
229,0.787104,0.742404,3.423758,14.456216,0.761191,3.734338,15.780339,0.7279,0.738,0.7337,5.26e-06
230,0.786566,0.741799,3.436999,14.469717,0.764628,3.812612,16.083371,0.7273,0.7386,0.7351,5.16e-06
231,0.787104,0.742392,3.440139,14.444777,0.762373,3.750606,15.838464,0.7276,0.7378,0.7335,5.06e-06
232,0.786312,0.741669,3.438966,14.418499,0.762377,3.729803,15.812523,0.7278,0.7393,0.7354,4.96e-06
233,0.786413,0.741906,3.415567,14.38697,0.760202,3.762338,15.860821,0.7283,0.7382,0.7314,4.87e-06
234,0.78574,0.741091,3.433827,14.425504,0.765035,3.780995,15.983941,0.7278,0.7381,0.7349,4.77e-06
235,0.783809,0.739354,3.421571,14.360298,0.761299,3.726458,15.759724,0.7282,0.7374,0.7299,4.68e-06
236,0.784567,0.739892,3.435733,14.434336,0.765296,3.747404,15.838824,0.7278,0.7372,0.7302,4.58e-06
237,0.783319,0.738708,3.435088,14.409455,0.762687,3.749268,15.860258,0.7287,0.7373,0.7335,4.49e-06
238,0.785569,0.741058,3.417379,14.386723,0.763163,3.78727,15.936016,0.7283,0.7384,0.7342,4.4e-06
239,0.785266,0.740518,3.448369,14.451077,0.765059,3.756396,15.914535,0.7282,0.7374,0.7311,4.31e-06
240,0.783076,0.738695,3.411568,14.340922,0.768165,3.795557,16.027892,0.7286,0.7357,0.7306,4.22e-06
241,0.784923,0.740259,3.429526,14.436094,0.763682,3.774673,15.964571,0.7281,0.7388,0.7332,4.13e-06
242,0.785486,0.740971,3.424849,14.381101,0.766643,3.764937,15.914516,0.7272,0.7366,0.7252,4.05e-06
243,0.785494,0.741042,3.422152,14.358693,0.762378,3.745074,15.867372,0.7276,0.7382,0.733,3.96e-06
244,0.784856,0.740379,3.417905,14.372664,0.760331,3.740485,15.826157,0.7287,0.7385,0.733,3.88e-06
245,0.786009,0.741248,3.444989,14.459143,0.764529,3.780259,15.911049,0.7278,0.7394,0.7297,3.8e-06
246,0.785723,0.741259,3.416236,14.369294,0.760986,3.771166,15.886827,0.7272,0.74,0.7347,3.72e-06
247,0.783179,0.738522,3.438061,14.424763,0.760738,3.746083,15.844285,0.7283,0.7397,0.737,3.64e-06
248,0.785853,0.741498,3.410045,14.332246,0.762578,3.774374,15.927288,0.728,0.7393,0.7361,3.56e-06
