update,mean_cost,mean_advantage,policy_loss,entropy_loss,capacity_loss,hinge_loss,spread_loss,total_loss,priority_dropped,economy_dropped,val_rl_cost,best_val_cost
1,16363.375,0.5602025680232342,0.14101701974868774,-6.8007941246032715,6.880262581887564e-09,18.620830535888672,13.213926315307617,25.17498016357422,0.0,101.0,,inf
2,22894.5,-0.10092978605684066,0.4279720187187195,-11.144949913024902,1.2979916697020144e-08,14.716031074523926,18.90652084350586,22.905574798583984,0.0,114.75,,inf
3,17088.875,0.5501654287729862,0.20793087780475616,-8.690338134765625,5.757097909508957e-08,3.8629798889160156,12.463688850402832,7.844261169433594,0.0,82.75,,inf
4,15428.75,0.30692194847794535,0.06476307660341263,-12.199919700622559,7.730536566441515e-08,0.6454837322235107,9.750051498413086,-1.7396211624145508,0.0,94.0,,inf
5,17856.625,0.423589201046013,0.16505923867225647,-9.885148048400879,7.904420584736727e-08,0.07283604145050049,12.598250389099121,2.9509973526000977,0.0,85.875,,inf
6,14403.75,0.404342356843716,-0.06835304945707321,-6.978451728820801,8.398285444854992e-08,0.0,8.184150695800781,1.137345790863037,0.0,82.625,,inf
7,18793.25,0.03595029400912225,0.29101523756980896,-10.479019165039062,8.247778993109023e-08,0.03779773786664009,8.474580764770508,-1.6756248474121094,0.0,96.25,,inf
8,17540.25,0.11899645455274138,0.09048756211996078,-9.521252632141113,8.618631852641556e-08,0.1021186038851738,6.103318214416504,-3.2253284454345703,0.0,99.875,,inf
9,15952.0,0.972895349260373,-0.262005090713501,-5.325089931488037,5.6546319626704644e-08,0.08446421474218369,7.728757858276367,2.2261266708374023,0.0,66.0,,inf
10,16664.125,0.3750466638067652,-0.2394307255744934,-9.224867820739746,4.736383374392972e-08,0.7010613083839417,4.922478675842285,-3.8407583236694336,0.0,79.25,15740.4,15740.4
11,22472.5,-0.5551431976975818,0.5288551449775696,-13.597630500793457,5.962839111361973e-08,0.4098820686340332,5.79360294342041,-6.865290641784668,0.0,107.125,,15740.4
12,13398.5,0.2562886158173028,-0.10776133835315704,-9.226190567016602,8.044352739489113e-08,0.1415470689535141,3.6513512134552,-5.541053771972656,0.0,83.875,,15740.4
13,19774.625,-0.17922989877009143,0.40069645643234253,-11.5497465133667,1.1681331102408876e-07,0.15866605937480927,5.095652103424072,-5.8947319984436035,0.0,99.75,,15740.4
14,21678.375,-0.46197091637489257,0.27407705783843994,-12.698314666748047,9.143831647406842e-08,0.10700807720422745,4.539820671081543,-7.777408599853516,0.0,110.75,,15740.4
15,19736.625,-0.4271742081358885,0.35016387701034546,-13.432787895202637,9.915709853203225e-08,0.2571479082107544,4.559882164001465,-8.265594482421875,0.0,110.125,,15740.4
16,20606.375,0.07698292550555863,0.18585948646068573,-11.75786018371582,6.033152288864585e-08,0.17430078983306885,5.101082801818848,-6.296616554260254,0.0,90.25,,15740.4
17,20669.5,0.17630167614012282,0.050171852111816406,-10.923649787902832,5.670387182021841e-08,0.2049763798713684,6.094398498535156,-4.574103355407715,0.0,95.125,,15740.4
18,17962.75,-0.09169991777494955,0.4726713001728058,-13.90509033203125,9.051914418023443e-08,0.24300560355186462,4.075928211212158,-9.113485336303711,0.0,105.0,,15740.4
19,24994.875,-0.9934916692451804,0.7763997316360474,-17.599546432495117,1.185339471021507e-07,0.16530011594295502,4.139564514160156,-12.518281936645508,0.0,125.0,,15740.4
20,15073.25,0.09333693315263394,0.0695628896355629,-12.987451553344727,8.021787323286844e-08,0.18662160634994507,3.064427375793457,-9.666839599609375,0.0,101.5,16756.3,15740.4
21,14306.125,0.8698611944574473,-0.22255687415599823,-7.534339904785156,6.936929963785587e-08,0.14257168769836426,5.34747838973999,-2.2668471336364746,0.0,73.5,,15740.4
22,17396.125,0.5308178039875112,-0.5883122086524963,-8.346762657165527,8.184659350263246e-08,0.19797195494174957,4.707624435424805,-4.029478073120117,0.0,82.125,,15740.4
23,20266.375,-0.12015359809444703,0.12719056010246277,-13.159820556640625,1.0201910782825507e-07,0.10935504734516144,5.67112922668457,-7.252145767211914,0.0,99.875,,15740.4
24,18314.25,0.24495848888381214,-0.03439831733703613,-10.100552558898926,8.629875480892224e-08,0.12281449139118195,5.355177402496338,-4.656959056854248,0.0,88.625,,15740.4
25,17783.25,0.411680677618953,-0.06251432001590729,-9.495684623718262,7.089715126085139e-08,0.14942237734794617,5.806048393249512,-3.6027278900146484,0.0,89.75,,15740.4
26,17952.0,0.07148863868605043,0.09875518083572388,-10.64246654510498,1.3651556685090327e-07,0.13680848479270935,4.489314079284668,-5.91758918762207,0.0,91.125,,15740.4
27,23493.5,-0.27331700234978473,0.22939127683639526,-12.695310592651367,5.954188964096829e-08,0.06336647272109985,6.085232734680176,-6.317319869995117,0.0,100.875,,15740.4
28,21055.625,-0.7560704876394575,1.2251050472259521,-17.304628372192383,7.46625943293111e-08,0.10448162257671356,4.482202529907227,-11.492838859558105,0.0,114.0,,15740.4
29,18211.5,0.28805367299859813,-0.08850415796041489,-10.625167846679688,5.0224734593484754e-08,0.13741037249565125,5.5183820724487305,-5.057879447937012,0.0,82.75,,15740.4
30,17068.875,-0.023908345106953,0.10291701555252075,-11.033854484558105,7.747088659471046e-08,0.15642528235912323,3.291591167449951,-7.482921123504639,0.0,92.25,17703.925,15740.4
31,22791.5,-0.13689198428148097,0.16129106283187866,-12.264816284179688,5.4918025682582083e-08,0.2168911099433899,5.751502513885498,-6.135131359100342,0.0,96.875,,15740.4
32,16502.0,0.13723859780728684,0.25870802998542786,-10.700186729431152,8.074999868767918e-08,0.20805668830871582,4.463149070739746,-5.770273208618164,0.0,88.875,,15740.4
33,17580.5,0.05815575043354565,0.18312406539916992,-10.725401878356934,9.479767726361388e-08,0.08489418029785156,5.158456802368164,-5.298927307128906,0.0,92.25,,15740.4
34,17812.5,0.23395768024965252,0.09711911529302597,-9.912200927734375,8.013381602722802e-08,0.07723807543516159,5.286962509155273,-4.450881004333496,0.0,87.25,,15740.4
35,15901.0,0.23042495257269033,0.14737600088119507,-10.3970947265625,6.962716980751793e-08,0.10410337150096893,4.153626441955566,-5.9919891357421875,0.0,90.5,,15740.4
36,16616.5,-0.19317830688819135,0.32309865951538086,-12.2678861618042,9.72444453850585e-08,0.07095393538475037,3.873270273208618,-8.000563621520996,0.0,97.375,,15740.4
37,20008.5,0.08717886034579356,-0.17656150460243225,-10.606471061706543,7.268784685265928e-08,0.11248475313186646,6.512984275817871,-4.157563209533691,0.0,94.375,,15740.4
38,16409.625,0.3653576770867147,-0.15229098498821259,-9.5436429977417,7.105681021357668e-08,0.1749895066022873,5.086272239685059,-4.4346723556518555,0.0,84.5,,15740.4
39,14593.5,0.04422587535596581,0.18774357438087463,-12.594549179077148,7.174847382884764e-08,0.11801814287900925,3.109896659851074,-9.1788911819458,0.0,98.625,,15740.4
40,18449.375,-0.18978971094677755,0.6144843697547913,-10.839081764221191,8.92830271936873e-08,0.15257126092910767,5.179326057434082,-4.892699241638184,0.0,94.875,16988.5,15740.4
41,17887.25,-0.11056701513395657,0.34558403491973877,-11.660666465759277,8.731631595537692e-08,0.18412622809410095,4.447504043579102,-6.683452606201172,0.0,97.875,,15740.4
42,16420.625,0.23217892948647673,-0.011614296585321426,-9.944145202636719,6.910028105266974e-08,0.2146024852991104,4.744894504547119,-4.996262073516846,0.0,85.25,,15740.4
43,19881.25,-0.4435245423920162,0.5342183113098145,-13.281468391418457,7.996978013125045e-08,0.08595768362283707,3.981030225753784,-8.680261611938477,0.0,107.625,,15740.4
44,24896.25,-0.7027456088457922,0.616544246673584,-14.716296195983887,1.0749313616997824e-07,0.13923196494579315,5.984772682189941,-7.975748062133789,0.0,117.0,,15740.4
45,21250.25,-0.023576451916561603,0.14976420998573303,-11.861361503601074,8.778246751717234e-08,0.13698004186153412,5.621563911437988,-5.9530534744262695,0.0,97.25,,15740.4
46,16115.125,-0.06752935528094417,0.3066638112068176,-11.926371574401855,6.582243372577068e-08,0.13495317101478577,4.904119491577148,-6.580635070800781,0.0,99.25,,15740.4
47,15221.875,0.1412935375973161,-0.04876396059989929,-10.946487426757812,9.102295450702513e-08,0.129635751247406,3.8948898315429688,-6.970726013183594,0.0,89.5,,15740.4
48,21691.5,-0.17318430454069617,0.2036653608083725,-11.641944885253906,8.998294021012043e-08,0.14003318548202515,6.453381538391113,-4.844864845275879,0.0,99.25,,15740.4
49,18973.875,-0.3952006657951193,0.7181695103645325,-13.818910598754883,4.375527851152583e-08,0.08979885280132294,4.509394645690918,-8.501547813415527,0.0,105.625,,15740.4
50,20474.125,-0.06933138918459336,0.22556881606578827,-12.799375534057617,8.210808033481953e-08,0.11415781080722809,5.6152825355529785,-6.844366550445557,0.0,97.0,17086.35,15740.4
51,20413.25,-0.4449892770956523,0.46832406520843506,-14.557995796203613,9.33059851604412e-08,0.11807728558778763,4.570496559143066,-9.401098251342773,0.0,111.75,,15740.4
52,21318.875,-0.16440404987887436,0.16165781021118164,-13.655591011047363,8.143970120499944e-08,0.1436058133840561,5.283758163452148,-8.066568374633789,0.0,107.875,,15740.4
53,14742.0,0.1205238699810937,0.15097321569919586,-11.780160903930664,7.593416739837267e-08,0.10196210443973541,3.7440848350524902,-7.783140659332275,0.0,94.625,,15740.4
54,19393.5,0.2347165757639854,0.07755547761917114,-11.42731761932373,5.781947010063959e-08,0.07837073504924774,5.049219131469727,-6.222171783447266,0.0,96.375,,15740.4
55,15690.75,0.21725201209498013,0.2152077704668045,-10.644902229309082,9.350680585384907e-08,0.09956758469343185,4.331216812133789,-5.998909950256348,0.0,92.5,,15740.4
56,23481.25,-0.15967152153271386,0.15994691848754883,-13.486640930175781,7.856854722376738e-08,0.13185513019561768,6.052060127258301,-7.142779350280762,0.0,106.125,,15740.4
57,16014.625,0.5316407215841179,-0.10968996584415436,-9.434440612792969,8.524438044332783e-08,0.2238757312297821,4.741120338439941,-4.579133987426758,0.0,80.875,,15740.4
58,18078.75,-0.10290208250614,1.4808191061019897,-12.827409744262695,8.632309089762202e-08,0.1859654039144516,4.617466926574707,-6.543158531188965,0.0,97.5,,15740.4
59,19104.375,-0.22297616840877515,0.21594132483005524,-13.236578941345215,6.52775611342804e-08,0.16931423544883728,4.153532981872559,-8.697790145874023,0.0,105.5,,15740.4
60,16654.5,0.04635973181291682,-0.18054446578025818,-13.186564445495605,6.883202985363823e-08,0.17741313576698303,4.329761981964111,-8.859933853149414,0.0,96.0,16877.675,15740.4
61,13107.5,0.42509026665707145,-0.11290079355239868,-9.583800315856934,6.789586848299223e-08,0.12563981115818024,4.050542831420898,-5.5205183029174805,0.0,85.75,,15740.4
62,16686.5,0.38425419590812093,0.005753323435783386,-9.374117851257324,5.980739103961241e-08,0.09605276584625244,5.872173309326172,-3.4001379013061523,0.0,83.5,,15740.4
63,17086.5,-0.08251259863466587,0.09775499999523163,-11.37987995147705,1.192359775359364e-07,0.12564469873905182,4.591325759887695,-6.565154075622559,0.0,96.75,,15740.4
64,21199.5,-0.054622223343967935,0.01321457326412201,-12.78890323638916,7.158770642945456e-08,0.0974927693605423,6.119759559631348,-6.558436393737793,0.0,100.125,,15740.4
65,16280.375,0.08346354337359485,0.20656566321849823,-12.084817886352539,6.271605457186524e-08,0.07860030978918076,4.19960355758667,-7.600048542022705,0.0,95.5,,15740.4
66,17901.875,0.05706174245679907,0.19767960906028748,-11.292816162109375,7.812783309191218e-08,0.14542156457901,4.330456256866455,-6.619258403778076,0.0,95.125,,15740.4
67,12984.0,0.7227397165535663,-0.46277761459350586,-8.087811470031738,1.145832371207689e-07,0.10544392466545105,3.871027946472168,-4.5741167068481445,0.0,74.25,,15740.4
68,19582.5,-0.16390988934254777,0.2026074230670929,-12.462871551513672,6.853778700133262e-08,0.0712224543094635,5.46381950378418,-6.725222587585449,0.0,99.0,,15740.4
69,12255.75,0.33211887715824373,-0.1893116682767868,-9.136430740356445,1.656186725540465e-07,0.11356998980045319,2.5891082286834717,-6.623064041137695,0.0,83.375,,15740.4
70,23757.5,-0.8664862881838632,0.7149854898452759,-16.114072799682617,7.696244352928261e-08,0.09595813602209091,4.87255859375,-10.430570602416992,0.0,117.25,15832.3,15740.4
71,19001.5,-0.02936624273688493,-0.04981747269630432,-11.357756614685059,9.348665486186292e-08,0.15545330941677094,5.1529221534729,-6.099197864532471,0.0,94.625,,15740.4
72,15057.5,0.41080955968620725,-0.28643307089805603,-9.083881378173828,7.201909113518923e-08,0.17412741482257843,4.329383850097656,-4.866803169250488,0.0,80.5,,15740.4
73,24638.625,-0.14030650118234583,0.34071213006973267,-12.82273006439209,5.5025687117904454e-08,0.11921675503253937,6.640054702758789,-5.722745895385742,0.0,98.5,,15740.4
74,20813.875,0.10480730120287834,0.1349075883626938,-11.422924995422363,6.37088675148334e-08,0.16172459721565247,5.743654727935791,-5.3826375007629395,0.0,90.125,,15740.4
75,23961.375,-0.25716701406029996,0.282818078994751,-14.867746353149414,8.273407559045154e-08,0.09613333642482758,5.981886863708496,-8.506908416748047,0.0,110.375,,15740.4
76,18889.25,-0.35563740820347195,0.3626629412174225,-13.076562881469727,1.0655303128714877e-07,0.15077878534793854,4.329174995422363,-8.233945846557617,0.0,102.75,,15740.4
77,17590.375,-0.43098688066511803,0.6185088753700256,-14.709179878234863,7.111245281521406e-08,0.06980234384536743,3.6372342109680176,-10.383634567260742,0.0,109.375,,15740.4
78,24855.0,-0.0918302609921961,0.11436264961957932,-12.756280899047852,9.072429918433045e-08,0.05209280550479889,5.8740034103393555,-6.715822219848633,0.0,106.375,,15740.4
79,19785.875,-0.2065089885867295,0.13344550132751465,-12.925787925720215,8.789378114215651e-08,0.08274252712726593,4.795083045959473,-7.914516448974609,0.0,97.125,,15740.4
80,20353.75,-0.37685168086280596,0.20958586037158966,-13.9155855178833,8.075916468897049e-08,0.1242138221859932,4.461297988891602,-9.120487213134766,0.0,109.375,18932.925,15740.4
81,10483.875,1.3144591159186012,-0.910487174987793,-6.440908908843994,7.432713289290405e-08,0.12079837918281555,4.516835689544678,-2.713761806488037,0.0,62.75,,15740.4
82,13213.25,0.15578455540737168,-0.14780133962631226,-9.865129470825195,1.1239202279966776e-07,0.08300811797380447,3.5631959438323975,-6.366726875305176,0.0,87.125,,15740.4
83,15297.375,0.26806120977610276,-0.020164653658866882,-9.432074546813965,8.577847410151662e-08,0.12905584275722504,4.739749431610107,-4.583433628082275,0.0,85.5,,15740.4
84,16851.875,-0.14717051243713047,0.30181819200515747,-12.155787467956543,8.967615627852865e-08,0.07940440624952316,3.647437810897827,-8.127126693725586,0.0,101.0,,15740.4
85,15870.25,0.03048932911735161,0.29681169986724854,-11.609919548034668,6.592256340809399e-08,0.06471800059080124,3.5173428058624268,-7.731046676635742,0.0,94.375,,15740.4
86,20385.75,-0.7924381402748992,0.8238583207130432,-15.3589506149292,1.7264822815832304e-07,0.0955081582069397,3.2986297607421875,-11.14095401763916,0.0,118.75,,15740.4
87,20122.0,0.0023466489139254837,0.09618140757083893,-12.10398006439209,7.4949014106096e-08,0.12468022108078003,5.740506172180176,-6.142611503601074,0.0,96.875,,15740.4
88,25494.375,-0.9497818587700653,1.0122361183166504,-17.24994468688965,1.4084609745168564e-07,0.12916944921016693,5.200675010681152,-10.907864570617676,0.0,131.875,,15740.4
89,16645.5,-0.33236323498483406,0.5358975529670715,-14.716697692871094,8.686276942171389e-08,0.10833463817834854,3.8270206451416016,-10.245445251464844,0.0,117.25,,15740.4
90,21116.875,-0.38155736221316777,0.37966400384902954,-15.41020679473877,1.236404756355114e-07,0.08980178833007812,3.461667537689209,-11.479072570800781,0.0,118.25,17799.925,15740.4
91,19748.625,0.42918185390210056,-0.42458122968673706,-10.644203186035156,9.237081854962526e-08,0.10441681742668152,5.433171272277832,-5.531196594238281,0.0,94.25,,15740.4
92,22216.0,0.2560768057128446,-0.055113792419433594,-11.590353965759277,5.153411564151611e-08,0.082529217004776,4.703650951385498,-6.859287738800049,0.0,90.25,,15740.4
93,16260.875,-0.2740043202990698,0.8169955611228943,-13.751703262329102,9.294287650618571e-08,0.09102948009967804,2.5644400119781494,-10.2792387008667,0.0,102.875,,15740.4
94,19421.625,-0.14633694937244332,0.29769816994667053,-12.757668495178223,7.948236202537373e-08,0.10192451626062393,4.567200183868408,-7.7908453941345215,0.0,97.5,,15740.4
95,17663.125,0.06373027410619365,0.008608266711235046,-11.947152137756348,7.828514725360947e-08,0.11752977967262268,3.872462511062622,-7.948552131652832,0.0,97.0,,15740.4
96,15509.5,1.050715605132066,-0.6289728283882141,-8.500548362731934,5.486280230115881e-08,0.15878772735595703,4.9189276695251465,-4.0518059730529785,0.0,69.25,,15740.4
97,17462.75,0.003499466495242576,0.1420247107744217,-11.778779029846191,7.997795137271169e-08,0.16168208420276642,4.413572311401367,-7.06149959564209,0.0,96.875,,15740.4
98,20717.125,-0.4067838409023605,2.987452507019043,-14.334945678710938,7.436193527610158e-08,0.11058763414621353,5.332897186279297,-5.904007911682129,0.0,110.5,,15740.4
99,19628.0,0.25879669813762674,0.06332038342952728,-12.062491416931152,9.506858589247713e-08,0.1231405958533287,4.82874059677124,-7.047290325164795,0.0,97.875,,15740.4
100,13955.125,0.28206760298692757,-0.24388958513736725,-10.27352523803711,7.164515380964076e-08,0.10754741728305817,4.02125358581543,-6.388613700866699,0.0,87.5,15572.225,15572.225
101,15197.125,0.31673799965672544,-0.14393220841884613,-10.84228229522705,6.524336981783563e-08,0.07945547997951508,4.109388828277588,-6.797370433807373,0.0,85.875,,15572.225
102,21145.5,-0.008610607713811613,-0.215775728225708,-12.397769927978516,8.039565102535562e-08,0.04512471705675125,6.201076507568359,-6.367343902587891,0.0,99.75,,15572.225
103,21178.25,-0.6302591382774844,0.526366651058197,-13.605151176452637,1.0317741327980912e-07,0.07427185773849487,5.26151180267334,-7.7430009841918945,0.0,112.75,,15572.225
104,13381.0,0.6703587685906036,-0.4795496463775635,-8.647778511047363,1.1746291050940272e-07,0.13808977603912354,4.329298973083496,-4.659938812255859,0.0,78.875,,15572.225
105,19828.125,-0.05157202253734172,0.40826767683029175,-12.288261413574219,4.445451295964631e-08,0.11435505002737045,5.023238658905029,-6.7423996925354,0.0,100.25,,15572.225
106,17013.75,-0.07866829035712303,4.773282527923584,-12.966656684875488,7.239292187932733e-08,0.1258178949356079,3.872982978820801,-4.194573402404785,0.0,94.125,,15572.225
107,20728.875,-0.18030242242370081,0.16140657663345337,-12.126303672790527,8.809544738141994e-08,0.11056718975305557,4.87672758102417,-6.977602481842041,0.0,100.75,,15572.225
108,18310.125,-0.36148913102400604,0.1878911852836609,-14.72807502746582,7.646904975899815e-08,0.11873587220907211,3.283440113067627,-11.138008117675781,0.0,105.375,,15572.225
109,16682.875,0.5548468655271943,-0.1420014351606369,-9.753791809082031,5.895094545849133e-08,0.07265409827232361,4.697954177856445,-5.125185012817383,0.0,82.0,,15572.225
110,18506.875,0.022417886498214357,-0.05019579827785492,-11.532370567321777,8.825961117508996e-08,0.068489208817482,4.87498664855957,-6.639090538024902,0.0,97.75,17015.325,15572.225
111,16140.5,0.5945046155464552,-0.45929762721061707,-8.974360466003418,5.75485010756438e-08,0.05597228929400444,4.023157596588135,-5.354527950286865,0.0,76.0,,15572.225
112,18289.5,0.00948729451384786,0.052899569272994995,-11.129218101501465,1.2619075562270154e-07,0.039769247174263,5.227630615234375,-5.8089189529418945,0.0,92.25,,15572.225
113,15216.375,-0.1397372008914713,1.1212327480316162,-11.306090354919434,9.812293910727021e-08,0.07090890407562256,2.4131476879119873,-7.700800895690918,0.0,93.5,,15572.225
114,17018.0,0.07973030602365913,0.06712111830711365,-11.289240837097168,5.055326823821815e-08,0.14078885316848755,4.7412190437316895,-6.340111255645752,0.0,92.75,,15572.225
115,14293.5,-0.35433441859577564,0.49527907371520996,-13.528564453125,8.545845986418499e-08,0.11381305009126663,2.178894281387329,-10.740577697753906,0.0,104.5,,15572.225
116,15870.125,0.1096192578288683,-0.024593085050582886,-10.832537651062012,7.044752692308975e-08,0.11173172295093536,4.695311546325684,-6.050087928771973,0.0,90.125,,15572.225
117,17283.0,-0.14591511897817427,0.4211720824241638,-12.21435260772705,8.801532658253564e-08,0.09465566277503967,3.5910441875457764,-8.1074800491333,0.0,100.625,,15572.225
118,19583.375,-0.2780856624015615,2.683809757232666,-12.808566093444824,7.025786885606067e-08,0.06764276325702667,4.741306781768799,-5.315805912017822,0.0,108.0,,15572.225
119,15131.875,0.32196409581952756,-0.1370825171470642,-10.488482475280762,4.752828886012139e-08,0.10221265256404877,4.8920159339904785,-5.631335735321045,0.0,83.375,,15572.225
120,22125.75,-0.4282198387895957,4.455111026763916,-14.15575122833252,6.796219764737543e-08,0.10491388291120529,5.894125461578369,-3.7016005516052246,0.0,105.375,16777.425,15572.225
121,16305.375,0.4176026015810853,-0.11467427760362625,-10.149873733520508,6.549918651899134e-08,0.1652173101902008,5.329298973083496,-4.770031929016113,0.0,81.625,,15572.225
122,15288.625,0.3044882754933007,-0.048819735646247864,-10.362619400024414,8.916344995668624e-08,0.14917998015880585,3.2828831672668457,-6.97937536239624,0.0,90.375,,15572.225
123,19841.625,-0.06901934690402547,0.08689172565937042,-12.352422714233398,5.724405482965267e-08,0.08743124455213547,5.745031833648682,-6.433067798614502,0.0,95.625,,15572.225
124,27109.25,-0.5053866385354376,0.5599338412284851,-14.168383598327637,8.737778500744753e-08,0.09282262623310089,5.614279270172119,-7.901347637176514,0.0,111.875,,15572.225
125,21019.375,-0.4038230159670626,0.4452454149723053,-14.443455696105957,8.144071728111157e-08,0.0812457874417305,4.2010698318481445,-9.71589469909668,0.0,109.875,,15572.225
126,17070.75,-0.2067430965454219,0.2795058786869049,-13.38581371307373,9.112159204960335e-08,0.11251995712518692,4.050187110900879,-8.94360065460205,0.0,104.75,,15572.225
127,13634.625,0.6624397959832244,-0.3698841333389282,-8.400884628295898,9.213240304006831e-08,0.16468343138694763,4.8703508377075195,-3.7357349395751953,0.0,80.25,,15572.225
128,18468.0,-0.33899080089861544,0.5592650771141052,-14.153456687927246,7.469213159083665e-08,0.09686660766601562,4.151767730712891,-9.34555721282959,0.0,108.875,,15572.225
129,15188.875,0.5793953693808331,-0.13894575834274292,-9.25762939453125,5.196977781452006e-08,0.11708403378725052,5.376274108886719,-3.9032163619995117,0.0,77.125,,15572.225
130,14528.0,0.5267945039286415,-0.3663894534111023,-9.11957836151123,6.773320393449467e-08,0.09225712716579437,3.870811700820923,-5.5228986740112305,0.0,78.375,17829.0,15572.225
131,19320.25,-0.35347475224860475,0.1676757037639618,-12.964316368103027,6.206234104411124e-08,0.10084228217601776,4.611550331115723,-8.084247589111328,0.0,103.5,,15572.225
132,18244.625,0.416491751325031,-0.10589459538459778,-10.157221794128418,8.071483392768641e-08,0.1093761995434761,5.021320819854736,-5.132420063018799,0.0,88.0,,15572.225
133,14778.0,0.23249385230938585,-0.060981400310993195,-10.11570930480957,8.496039782812659e-08,0.0983726754784584,3.8711442947387695,-6.207174301147461,0.0,84.0,,15572.225
134,17754.875,-0.14536947850528603,0.23145931959152222,-12.811981201171875,7.039120220042605e-08,0.07035534083843231,3.9176642894744873,-8.592501640319824,0.0,97.625,,15572.225
135,14721.75,0.4206337642788057,-0.17629116773605347,-10.14072322845459,6.909330352300458e-08,0.07938703894615173,4.329838752746582,-5.90778923034668,0.0,84.0,,15572.225
136,12906.375,0.2457294232431581,0.09716519713401794,-10.4331693649292,1.01113961648025e-07,0.09204214811325073,2.917048692703247,-7.326913833618164,0.0,84.625,,15572.225
137,22479.5,-0.6452266424243793,0.8021342158317566,-14.235224723815918,8.471845092117292e-08,0.060087911784648895,4.282698154449463,-9.090303421020508,0.0,110.5,,15572.225
138,22425.125,-0.15442131046946192,0.22809696197509766,-11.69731616973877,5.2814229434261506e-08,0.09106246381998062,6.068164825439453,-5.309991836547852,0.0,97.125,,15572.225
139,11421.75,0.23882706697637157,2.2823710441589355,-8.987929344177246,7.609867225255584e-08,0.12212081253528595,3.1778247356414795,-3.4056127071380615,0.0,80.75,,15572.225
140,17071.75,0.024213468465546575,0.1255454123020172,-11.777399063110352,8.727481315418117e-08,0.11906621605157852,4.15217399597168,-7.380613327026367,0.0,92.875,16107.375,15572.225
141,18931.625,0.06046064668546591,0.9988436102867126,-11.108560562133789,1.6013511583423679e-07,0.11393016576766968,4.741481304168701,-5.254306316375732,0.0,91.875,,15572.225
142,18306.375,-0.37794297394946563,0.4622212052345276,-13.04290771484375,6.259426754695596e-08,0.04806410148739815,3.872523307800293,-8.660099029541016,0.0,105.25,,15572.225
143,14813.125,0.27976165319166474,-0.0940774530172348,-10.033465385437012,6.288831855272292e-08,0.07040958851575851,4.637162208557129,-5.419970512390137,0.0,87.125,,15572.225
144,17975.5,-0.0905283627369077,0.07685500383377075,-11.649947166442871,8.007327778614126e-08,0.10037524253129959,4.151451587677002,-7.321265697479248,0.0,97.25,,15572.225
145,17174.625,0.3072700132795453,-0.106209896504879,-10.109659194946289,6.413259256987658e-08,0.12304778397083282,5.245874881744385,-4.8469462394714355,0.0,85.625,,15572.225
146,14674.0,0.2832713435967603,-0.22696805000305176,-8.851734161376953,6.08306152116711e-08,0.09348741173744202,4.928042888641357,-4.05717134475708,0.0,79.125,,15572.225
147,16589.625,-0.4401007960112656,0.42976927757263184,-13.1265230178833,5.2215114010323305e-08,0.05421524494886398,3.6935245990753174,-8.949013710021973,0.0,101.375,,15572.225
148,12610.875,-0.03549318815009278,0.12792183458805084,-10.935606956481934,1.0085720703045808e-07,0.06728892028331757,1.411726951599121,-9.328668594360352,0.0,96.375,,15572.225
149,15471.625,0.3628186173418431,0.5263839364051819,-9.043493270874023,7.037369442741692e-08,0.06628390401601791,5.1987433433532715,-3.2520813941955566,0.0,83.0,,15572.225
150,17751.875,0.26227570535486056,-0.1218474805355072,-9.9572172164917,5.8730257990191603e-08,0.07626286894083023,5.153790473937988,-4.849011421203613,0.0,82.75,18533.275,15572.225
151,16789.5,-0.11604613290677808,0.2764444351196289,-10.586402893066406,1.0479642043037529e-07,0.10703025013208389,4.4600958824157715,-5.742832660675049,0.0,90.5,,15572.225
152,15290.875,-0.38075220452854996,0.7907527685165405,-12.996668815612793,8.862302536272182e-08,0.1360994279384613,4.282232284545898,-7.78758430480957,0.0,100.0,,15572.225
153,17298.75,-0.2717754032009927,0.43918806314468384,-12.475542068481445,8.709450582955469e-08,0.10920792818069458,4.78679895401001,-7.140347003936768,0.0,101.625,,15572.225
154,14442.375,0.3903726718497337,-0.30699002742767334,-10.470919609069824,6.56482939120906e-08,0.07598453015089035,4.199607849121094,-6.502316474914551,0.0,82.125,,15572.225
155,15735.75,0.38267827832751894,-0.09988144040107727,-8.761672973632812,7.180637595638473e-08,0.062226030975580215,4.740213394165039,-4.059114456176758,0.0,82.125,,15572.225
156,17005.625,-0.32435769341461135,0.3553500473499298,-13.691630363464355,8.927698047500598e-08,0.05180787295103073,3.917687177658081,-9.366785049438477,0.0,102.0,,15572.225
157,12762.625,0.5780273866643801,-0.5437148809432983,-7.953456401824951,8.668872908401681e-08,0.06330522894859314,4.178297996520996,-4.255568504333496,0.0,74.5,,15572.225
158,11992.25,0.1582350119112889,-0.22773504257202148,-9.141244888305664,7.063437834631259e-08,0.05767574533820152,2.5158092975616455,-6.795495986938477,0.0,85.5,,15572.225
159,25309.25,-1.1194934676623687,2.4162092208862305,-16.29686737060547,1.0944276596092095e-07,0.06263047456741333,4.564668655395508,-9.253358840942383,0.0,124.25,,15572.225
160,22737.625,-0.6119349052541158,0.5081602334976196,-15.135812759399414,6.636226146383706e-08,0.12191878259181976,5.740407943725586,-8.765325546264648,0.0,111.25,17083.425,15572.225
161,22945.125,-0.35364752218031315,0.36436727643013,-13.3355073928833,1.1113417741626108e-07,0.14304843544960022,4.5897536277771,-8.238338470458984,0.0,109.5,,15572.225
162,16456.875,-0.1653737483450931,0.24877871572971344,-12.416322708129883,5.683895309971376e-08,0.09809300303459167,3.329789161682129,-8.739662170410156,0.0,102.375,,15572.225
163,17272.375,0.17122676811714113,-0.12578073143959045,-10.826923370361328,1.441605945728952e-07,0.10052073746919632,3.589535713195801,-7.26264762878418,0.0,93.25,,15572.225
164,20127.0,-0.14834711880965387,0.38272625207901,-13.157699584960938,7.178422833931108e-08,0.07891423255205154,3.6935527324676514,-9.0025053024292,0.0,100.5,,15572.225
165,24106.875,0.2277762054331917,0.007979273796081543,-11.805258750915527,1.0968012276180161e-07,0.0912608653306961,6.43426513671875,-5.271753311157227,0.0,97.625,,15572.225
166,19919.625,-0.44640645047392086,0.725516676902771,-13.828903198242188,7.578712057920711e-08,0.09448099136352539,3.000706195831299,-10.008199691772461,0.0,111.0,,15572.225
167,21408.5,0.41323028512944593,-0.3674543499946594,-10.033388137817383,7.632703358240178e-08,0.1331532895565033,6.330292701721191,-3.937397003173828,0.0,87.5,,15572.225
168,15344.25,0.6989082434668091,0.09032666683197021,-8.37436580657959,6.08249521860671e-08,0.11592768877744675,5.225266933441162,-2.942844867706299,0.0,77.25,,15572.225
169,13953.5,0.5341976212738309,0.947003960609436,-8.599555969238281,6.392286167056227e-08,0.1536647081375122,4.197761058807373,-3.301126480102539,0.0,77.125,,15572.225
170,13247.125,0.5142936838178901,-0.34087175130844116,-8.86803913116455,8.385146088585316e-08,0.10695821791887283,4.15077543258667,-4.95117712020874,0.0,75.375,15891.5,15572.225
171,18855.75,-0.37105226149117776,0.31749942898750305,-12.210539817810059,7.918440303456009e-08,0.07601198554039001,4.739959716796875,-7.077069282531738,0.0,103.75,,15572.225
172,21967.625,-0.061529028270024266,0.17817926406860352,-11.132255554199219,6.13735053889286e-08,0.058961838483810425,5.693810939788818,-5.201303958892822,0.0,89.375,,15572.225
173,20760.75,-0.6385059254884949,0.7987096309661865,-14.947554588317871,8.398731665693049e-08,0.07955673336982727,3.5906224250793457,-10.478666305541992,0.0,115.375,,15572.225
174,22045.125,-0.576252432701394,3.994584321975708,-14.844385147094727,6.633423055291132e-08,0.117225281894207,4.199766159057617,-6.532809257507324,0.0,107.75,,15572.225
175,15880.25,-0.15724798748772006,1.373136281967163,-12.967144966125488,8.164848708247519e-08,0.18352288007736206,3.562504768371582,-7.847980499267578,0.0,100.75,,15572.225
176,16216.375,2.8799590927941487e-05,0.1645241677761078,-11.848274230957031,8.485325508900132e-08,0.1619219034910202,3.64693284034729,-7.874896049499512,0.0,96.5,,15572.225
177,18191.625,-0.038288260175577266,-0.10349521040916443,-11.856544494628906,9.363125741401745e-08,0.1123107373714447,4.45916748046875,-7.388562202453613,0.0,102.75,,15572.225
178,21210.375,-0.39432177663035906,0.9871768951416016,-14.89000129699707,7.550403324785293e-08,0.0550030842423439,4.609271049499512,-9.238550186157227,0.0,110.125,,15572.225
179,16726.25,0.2663838698580747,-0.1785515993833542,-11.437044143676758,6.862576640287443e-08,0.07084404677152634,3.2350120544433594,-8.30974006652832,0.0,93.125,,15572.225
180,17782.125,-0.11158910608035102,0.17348237335681915,-12.700364112854004,1.0218829515906691e-07,0.08870697021484375,4.000475883483887,-8.437699317932129,0.0,102.0,16325.475,15572.225
181,11682.875,0.7957135749266037,-0.3259533643722534,-8.23278522491455,1.0817822015951606e-07,0.16342544555664062,3.0005745887756348,-5.394738674163818,0.0,75.0,,15572.225
182,16227.625,0.5975581063345663,-0.3436267375946045,-9.005061149597168,7.218837794198407e-08,0.16221721470355988,6.047804832458496,-3.1386661529541016,0.0,74.75,,15572.225
183,16826.25,-0.10260934860671742,0.21206510066986084,-11.797005653381348,9.306727832836259e-08,0.09779161214828491,4.612040042877197,-6.8751091957092285,0.0,97.125,,15572.225
184,16989.125,-0.31488397421873604,1.016706109046936,-13.05591106414795,8.418621888495181e-08,0.058825887739658356,3.694509744644165,-8.285869598388672,0.0,108.125,,15572.225
185,17498.875,-0.3132598713709607,0.7058143019676208,-14.20792293548584,1.2816981609375944e-07,0.04169179126620293,3.4589288234710693,-10.001487731933594,0.0,107.875,,15572.225
186,17498.0,0.05812756626922111,0.26667216420173645,-11.638287544250488,7.926033873673077e-08,0.05079358071088791,4.1515069007873535,-7.169314861297607,0.0,93.75,,15572.225
187,14865.875,0.5422020126356115,-0.19254226982593536,-9.159588813781738,5.0944933605023834e-08,0.10089541971683502,5.636139869689941,-3.6150951385498047,0.0,80.5,,15572.225
188,17977.5,0.19292248802244408,-0.07905799150466919,-10.14530086517334,1.1086482487598914e-07,0.08709768205881119,4.413143634796143,-5.724116802215576,0.0,85.125,,15572.225
189,18785.375,0.04747890051543774,0.5416226983070374,-11.689311027526855,6.150624187739595e-08,0.12514054775238037,5.329645156860352,-5.692902565002441,0.0,93.625,,15572.225
190,17347.625,-0.1759256423739417,0.42530232667922974,-11.550060272216797,8.445293531167408e-08,0.19156944751739502,4.63747501373291,-6.295713424682617,0.0,94.625,17663.35,15572.225
191,18696.125,0.16636818872680603,-0.05843217670917511,-10.915717124938965,6.745082714587625e-08,0.15451815724372864,3.8704118728637695,-6.949219703674316,0.0,89.5,,15572.225
192,19106.5,0.23639360892277797,-0.15347212553024292,-9.851125717163086,5.7683834597810346e-08,0.13100658357143402,5.562919616699219,-4.310671806335449,0.0,85.0,,15572.225
193,16320.75,0.3282080844621439,-0.1542852818965912,-10.151756286621094,8.242338367381308e-08,0.0879564881324768,4.589269638061523,-5.628815650939941,0.0,83.875,,15572.225
194,21586.875,-0.32199305587041765,0.25414809584617615,-12.865851402282715,6.225579340934928e-08,0.08703116327524185,6.151253700256348,-6.373417854309082,0.0,99.75,,15572.225
195,27639.125,-0.5309334943822048,0.510258674621582,-13.94300365447998,1.0542688499981523e-07,0.08502362668514252,6.9189958572387695,-6.428725242614746,0.0,113.0,,15572.225
196,17607.5,0.22685205845877787,0.07417693734169006,-10.690147399902344,7.506525889766635e-08,0.09244532138109207,4.609747409820557,-5.913777828216553,0.0,88.25,,15572.225
197,18580.75,0.1631619506055335,-0.10028968751430511,-10.74797248840332,5.549046377950617e-08,0.08669305592775345,5.478862762451172,-5.282706260681152,0.0,85.125,,15572.225
198,16544.125,-0.061626443314357016,0.304049015045166,-11.200018882751465,9.370588571755434e-08,0.08601762354373932,5.151479721069336,-5.658472061157227,0.0,93.875,,15572.225
199,17918.125,0.035498241925569635,-0.00040940940380096436,-11.959538459777832,7.669202517490703e-08,0.10418000817298889,4.871870040893555,-6.9838972091674805,0.0,91.0,,15572.225
200,19691.875,-0.45899952091193036,0.36251765489578247,-14.438433647155762,8.836997267280822e-08,0.08191376179456711,5.021896839141846,-8.972105026245117,0.0,114.5,16538.95,15572.225
201,14168.875,-0.1456775254006073,0.11679781228303909,-13.030352592468262,6.710270383791794e-08,0.07569153606891632,1.8702738285064697,-10.96759033203125,0.0,99.0,,15572.225
202,19998.625,-0.11084335021693059,0.2522326707839966,-12.711694717407227,5.220068288736002e-08,0.08466365933418274,5.481550216674805,-6.893248558044434,0.0,98.5,,15572.225
203,11790.0,0.6000593615589294,-0.03633282333612442,-9.074968338012695,6.314456157952009e-08,0.09781428426504135,2.4118146896362305,-6.601672172546387,0.0,77.75,,15572.225
204,18978.75,0.11745109761041955,-0.05148196220397949,-11.882855415344238,7.523723866142973e-08,0.1593553125858307,4.28638219833374,-7.488600254058838,0.0,91.25,,15572.225
205,14192.0,0.3733727314007918,-0.17358696460723877,-9.064650535583496,1.1908579722330614e-07,0.18680278956890106,3.7393693923950195,-5.312065124511719,0.0,81.5,,15572.225
206,18996.0,-0.4397034507048913,0.4357473850250244,-13.613980293273926,1.1505658648047756e-07,0.09539089351892471,3.4118735790252686,-9.670968055725098,0.0,107.5,,15572.225
207,23319.25,-0.44736625775279815,0.5743060111999512,-13.710678100585938,8.079868507593346e-08,0.04298985376954079,6.151478290557861,-6.941903591156006,0.0,106.375,,15572.225
208,23812.25,-0.26194700392607206,0.1840876340866089,-13.335206985473633,9.897573249872949e-08,0.06201634556055069,5.974404811859131,-7.1146979331970215,0.0,104.0,,15572.225
209,19981.25,0.23266257483075115,-0.15584155917167664,-10.328022956848145,7.1041874605271e-08,0.07900061458349228,5.458958625793457,-4.945905685424805,0.0,91.375,,15572.225
210,16806.875,-0.04605131881142775,0.17893224954605103,-12.44913387298584,9.408778112174332e-08,0.10174200683832169,3.5891048908233643,-8.579355239868164,0.0,103.5,16645.1,15572.225
211,20804.0,-0.07404106718143444,0.11455324292182922,-12.551342964172363,6.651370654253697e-08,0.10082878917455673,5.564206600189209,-6.771753787994385,0.0,98.375,,15572.225
212,18086.125,0.0825134266784304,-0.011360816657543182,-11.216035842895508,6.684658160338586e-08,0.1117575392127037,4.458652496337891,-6.656987190246582,0.0,95.0,,15572.225
213,21594.625,-0.25218194648500347,0.1712166666984558,-13.740365982055664,5.08178601421605e-08,0.07431654632091522,4.6369829177856445,-8.85784912109375,0.0,102.75,,15572.225
214,18365.125,0.5221568936527885,-0.21375085413455963,-9.741490364074707,7.853789441014669e-08,0.06853946298360825,5.589407920837402,-4.297293663024902,0.0,81.375,,15572.225
215,14852.75,0.6700849741261939,-0.5036764144897461,-7.7063889503479,7.596187145963995e-08,0.07286138087511063,4.15183162689209,-3.985372543334961,0.0,72.875,,15572.225
216,17535.625,0.07328575511527757,0.06553439795970917,-10.28605842590332,9.394863553779942e-08,0.05910597741603851,5.589770317077637,-4.571647644042969,0.0,84.375,,15572.225
217,19570.375,0.19704848968993904,0.7091509699821472,-9.298320770263672,1.234385536008631e-07,0.08233343064785004,6.001141548156738,-2.5056943893432617,0.0,84.875,,15572.225
218,13900.875,0.05671638205295704,-0.1068958267569542,-11.104046821594238,1.1008864220229952e-07,0.09206092357635498,3.327806234359741,-7.791074752807617,0.0,89.0,,15572.225
219,18650.625,-0.1746755605008364,0.18787583708763123,-12.055994033813477,7.035508531316736e-08,0.08400858938694,5.37549352645874,-6.408616542816162,0.0,97.125,,15572.225
220,13888.875,-0.13168525208443838,0.27748212218284607,-11.91136646270752,5.4087969658667134e-08,0.055125556886196136,3.516796827316284,-8.061962127685547,0.0,90.375,16196.375,15572.225
